{"stats":{"minecraft:picked_up":{"minecraft:rotten_flesh":8,"zombie_extreme:rotten_apple":1},"minecraft:custom":{"minecraft:time_since_rest":10906,"minecraft:play_one_minute":10906,"minecraft:crouch_one_cm":723,"minecraft:sprint_one_cm":4946,"minecraft:walk_one_cm":21388,"minecraft:sneak_time":236,"minecraft:mob_kills":7,"minecraft:jump":83,"minecraft:damage_dealt":3256,"minecraft:leave_game":2,"minecraft:time_since_death":10906,"minecraft:open_chest":4,"minecraft:open_barrel":2,"minecraft:fly_one_cm":37971,"minecraft:fall_one_cm":209},"minecraft:killed":{"zombie_extreme:demolisher":1,"zombie_extreme:infected":1,"zombie_extreme:night_hunter":1,"zombie_extreme:infected_police":2,"zombie_extreme:chainsaw":1,"zombie_extreme:military":1},"minecraft:used":{"zombie_extreme:barbed_fence":1,"simpleplanes:helicopter":2,"simpleplanes:plane_workbench":1,"zombie_extreme:vodka":1,"zombie_extreme:chips":1,"simpleplanes:plane":1,"zombie_extreme:crowbar":36,"simpleplanes:charging_station":2,"zombie_extreme:dog_food":1,"zombie_extreme:modern_axe":11,"zombie_extreme:syringe_night_vision":1,"zombie_extreme:demolisher_spawn_egg":1,"zombie_extreme:katana":6,"zombie_extreme:canned_food":1,"zombie_extreme:syringe_drug":1,"zombie_extreme:cat_food":1,"zombie_extreme:whiskey":1,"zombie_extreme:medicine_box":2,"zombie_extreme:syringe_antidote":1,"zombie_extreme:black_ops_cargo":2}},"DataVersion":2586}