{"stats":{"minecraft:crafted":{"minecraft:oak_boat":1,"minecraft:oak_slab":6,"minecraft:oak_planks":28,"minecraft:crafting_table":2,"minecraft:stick":8,"minecraft:wooden_pickaxe":1,"minecraft:stone_pickaxe":1,"minecraft:stone_sword":1,"minecraft:stone_axe":1},"minecraft:killed_by":{"zombie_extreme:infected_hazmat":1,"zombie_extreme:infected":1,"zombie_extreme:night_hunter":2,"minecraft:skeleton":1,"minecraft:zombie":1,"zombie_extreme:infected_police":2,"zombie_extreme:bomber":1,"zombie_extreme:runner":4},"minecraft:mined":{"minecraft:oak_slab":1,"minecraft:crafting_table":4,"minecraft:grass":5,"minecraft:grass_block":2,"minecraft:oak_log":18,"minecraft:coal_ore":7,"minecraft:dirt":7,"minecraft:tall_grass":1,"minecraft:stone":10,"minecraft:oak_planks":4},"minecraft:custom":{"minecraft:time_since_rest":2437,"minecraft:sprint_one_cm":24621,"minecraft:damage_taken":4800,"minecraft:walk_one_cm":22706,"minecraft:mob_kills":9,"minecraft:damage_dealt":3126,"minecraft:interact_with_crafting_table":8,"minecraft:fly_one_cm":223470,"minecraft:play_one_minute":24254,"minecraft:crouch_one_cm":4826,"minecraft:deaths":14,"minecraft:sneak_time":3499,"minecraft:boat_one_cm":87903,"minecraft:jump":335,"minecraft:leave_game":3,"minecraft:time_since_death":2279,"minecraft:fall_one_cm":9828},"minecraft:used":{"zombie_extreme:chainsaw_spawn_egg":3,"minecraft:oak_log":6,"zombie_extreme:crawler_spawn_egg":7,"minecraft:stone_sword":11,"zombie_extreme:infected_spawn_egg":13,"minecraft:stone_pickaxe":13,"minecraft:oak_planks":4,"zombie_extreme:demolisher_spawn_egg":4,"minecraft:wooden_pickaxe":5,"simpleplanes:helicopter":1,"minecraft:stone_axe":63,"zombie_extreme:rat_king_spawn_egg":4,"minecraft:dirt":9,"minecraft:oak_slab":1,"zombie_extreme:runner_spawn_egg":9,"zombie_extreme:clicker_spawn_egg":6,"minecraft:crafting_table":4,"zombie_extreme:inflated_spawn_egg":5,"minecraft:oak_boat":1,"zombie_extreme:bomber_spawn_egg":4},"minecraft:killed":{"minecraft:sheep":1,"minecraft:zombie":1,"zombie_extreme:boomer":1,"zombie_extreme:infected_military":2,"zombie_extreme:night_hunter":2,"zombie_extreme:infected_hazmat":2},"minecraft:picked_up":{"minecraft:oak_slab":1,"minecraft:crafting_table":4,"simpleplanes:furnace_engine":1,"minecraft:oak_log":18,"minecraft:dirt":9,"minecraft:bone":2,"minecraft:arrow":2,"minecraft:rotten_flesh":2,"zombie_extreme:rotten_apple":3,"minecraft:mutton":1,"minecraft:oak_planks":4,"minecraft:coal":7,"minecraft:white_wool":1,"minecraft:cobblestone":10}},"DataVersion":2586}