{
  "farmersdelight:main/root": {
    "criteria": {
      "seeds": "2024-06-13 05:15:34 +0000"
    },
    "done": true
  },
  "minecraft:recipes/misc/gold_nugget_from_smelting": {
    "criteria": {
      "has_golden_axe": "2024-06-13 05:15:51 +0000"
    },
    "done": true
  },
  "minecraft:recipes/misc/gold_nugget_from_blasting": {
    "criteria": {
      "has_golden_axe": "2024-06-13 05:15:51 +0000"
    },
    "done": true
  },
  "minecraft:adventure/adventuring_time": {
    "criteria": {
      "minecraft:forest": "2024-06-13 05:16:47 +0000",
      "minecraft:taiga": "2024-06-13 05:15:25 +0000",
      "minecraft:river": "2024-06-13 05:16:46 +0000"
    },
    "done": false
  },
  "DataVersion": 2586
}